navn,adresse,postnummer,poststed
Rusta Alta,Bjørn Wirkolas vei 17,9510,Alta
Rusta Arendal,Sagvannsveien 38,4848,Arendal
Rusta Bjørkelangen,Serviceveien 10,1940,Bjørkelangen
Rusta Bodø,Plassmyrveien 58-60,8008,Bodø
Rusta Drammen,Tomtegata 36,3012,Drammen
Rusta Egersund,Fossveien 4,4373,Egersund
Rusta Eidsvoll,Myhrersvingen 17,2080,Eidsvoll
Rusta Elverum,Prestmyrvegen 3,2409,Elverum
Rusta Fagernes,"Fagernes Senter, Valdresvegen 28",2900,Fagernes
Rusta Gjøvik,Kasper Andersens vei 2 - 4,2815,Gjøvik
Rusta Hamar,Midtstranda 35,2321,Hamar
Rusta Haugesund,Raglamyrveien 5,5536,Haugesund
Rusta Hønefoss,Hvervenmoveien 2C,3511,Hønefoss
Rusta Jessheim,Nordre Dølibekken 12,2050,Jessheim
Rusta Jærhagen (Kleppe),Solavegen 25,4351,Kleppe
Rusta Kristiansand,Barstølveien 50,4636,Kristiansand
Rusta Kristiansund,Industriveien 17,6517,Kristiansund
Rusta Krokstadelva,Kjerraten 3,3055,Krokstadelva
Rusta Larvik,Elveveien 8,3262,Larvik
Rusta Lillehammer,Snekkerveien 5,2618,Lillehammer
Rusta Lyngdal,Fiboveien 12 C,4580,Lyngdal
Rusta Lørenskog,"Bibliotekgata 30, Metro Senter",1473,Lørenskog
Rusta Mo i Rana,Verkstedveien 9,8624,Mo i Rana
Rusta Mosjøen,Dolstadgata 7,8663,Mosjøen
Rusta Rygge (Moss),Carlbergveien 2,1526,Moss
Rusta Namsos,Sandgata 3,7800,Namsos
Rusta Narvik,Bolagsgata 18,8514,Narvik
Rusta Notodden,Merdevegen 22,3676,Notodden
Rusta Orkanger,Tverradkomsten 6,7300,Orkanger
Rusta Oslo - Alnabru,Strømsveien 258,0668,Oslo
Rusta Fredrikstad,Dikeveien 45,1661,Rolvsøy
Rusta Bergen - Lagunen,Laguneveien 21,5239,Rådal
Rusta Sandefjord,Hegnasletta 6,3217,Sandefjord
Rusta Sandnes,Gamle stokkavei 1,4313,Sandnes
Rusta Sarpsborg,Lilletuneveien 2,1711,Sarpsborg
Rusta Skien,Kjørbekkdalen 19,3735,Skien
Rusta Asker – Rortunet (Slemmestad),Kirkealleen 1,3740,Slemmestad
Rusta Slitu (Morenen),Morstongveien 47,1859,Slitu
Rusta Sogndal,Avsølevegen 11,6857,Sogndal
Rusta Bamble,Langrønningen 12,3967,Stathelle
Rusta Stavanger,Lagårdsveien 80,4010,Stavanger
Rusta Steinkjer,Sersjantveien 4,7713,Steinkjer
Rusta Stord,Gronehaugen 2,5412,Stord
Rusta Bergen - Sartor,Gjertrudvegen 4,5353,Straume
Rusta Strømmen,Støperiveien 48,2010,Strømmen
Rusta Trondheim - Tiller,Ivar Lykkes vei 3,7075,Tiller
Rusta Tromsø,Heilovegen 20,9015,Tromsø
Rusta Trondheim - Lade,Haakon VIIs gate 27,7041,Trondheim
Rusta Tønsberg,"Valløveien 3, Kilen Handelspark",3118,Tønsberg
Rusta Bergen - Åsane,Åsane Senter 51,5116,Ulset
Rusta Vinterbro,"Alti Vinterbro, Sjøskogenveien 7",1407,Vinterbro
Rusta Volda,Furene 20,6105,Volda
Rusta Ålesund,Moavegen 1,6018,Ålesund
